Root Airfoil,Tip Airfoil,AOA (deg),CL,CDi,CDp,CD
fx63137sm.dat,fx63137sm.dat,8.0,1.319725680631,0.025900647956,0.011244146315268076,0.03714479427126807
fx63137sm.dat,s7055.dat,8.0,1.319725688874,0.025900647956,0.011142963260109601,0.0370436112161096
s7055.dat,fx63137sm.dat,8.0,1.319725688874,0.025900647956,0.011149932487855627,0.037050580443855625
s7055.dat,s7055.dat,8.0,1.319725696708,0.025900647956,0.010407570375149066,0.03630821833114907
fx63137sm,fx63137sm,8.5,1.365491272566,0.027789812761,0.011244146315268076,0.039033959076268075
fx63137sm,s7055,8.5,1.365491281447,0.027789812761,0.011142963260109601,0.0389327760211096
s7055,fx63137sm,8.5,1.365491281447,0.027789812761,0.011149932487855627,0.03893974524885563
s7055,s7055,8.25,1.343449026559,0.026865972191,0.010407570375149066,0.037273542566149065
fx63137sm,fx63137sm,6.0,1.364493329174,0.029625796635,0.009869381309993023,0.03949517794499302
fx63137sm,s7055,8.0,1.319725688874,0.025900647956,0.010124061535772774,0.03602470949177278
s7055,fx63137sm,10.0,1.486307997059,0.03865033835,0.01019191391967683,0.04884225226967683
s7055,s7055,10.0,1.256335128564,0.024919741344,0.01040757037514907,0.035327311719149074
fx63137sm,fx63137sm,6.0,1.364493329174,0.029625796635,0.011244146315268076,0.04086994295026808
fx63137sm,s7055,8.0,1.319725688874,0.025900647956,0.011142963260109601,0.0370436112161096
s7055,fx63137sm,10.0,1.486307997059,0.03865033835,0.011149932487855627,0.049800270837855626
s7055,s7055,10.0,1.256335128564,0.024919741344,0.010407570375149066,0.03532731171914907
fx63137sm,s7055,8.5,1.365491281447,0.027789812761,0.011142963260109601,0.0389327760211096
fx63137sm,mh32,8.75,1.360712624682,0.027499939674,0.011103029904193372,0.03860296957819337
fx63137sm,sd8020,9.75,1.33361502892,0.026135219698,0.011112055176380562,0.037247274874380565
s7055,s7055,10.0,1.256335128564,0.024919741344,0.010407570375149066,0.03532731171914907
s7055,mh32,10.0,1.229871819524,0.023647670903,0.010372721365147722,0.03402039226814772
s7055,sd8020,10.0,1.121865838716,0.018947822718,0.010384311637176406,0.029332134355176405
mh32,s7055,10.0,1.227930239784,0.024040478611,0.010379132867416718,0.03441961147841672
mh32,mh32,10.0,1.20153136616,0.022779118409,0.010012799267274618,0.03279191767627462
mh32,sd8020,10.0,1.093608009661,0.018115188662,0.010289649081074059,0.02840483774307406
ch10sm,s7055,7.0,1.340169417785,0.026414462631,0.010977030751026722,0.03739149338202672
ch10sm,mh32,7.25,1.332125232814,0.026064816109,0.010933984803729263,0.036998800912729266
ch10sm,sd8020,8.25,1.293549713424,0.024526648659,0.010933476692336495,0.0354601253513365
