Name,CH10 (smoothed)
Chord(mm),100
Radius(mm),0
Thickness(%),100
Origin(%),0
Pitch(deg),0
,
Airfoil surface,
X(mm),Y(mm)
100.000000,0.005000
99.754000,0.169000
99.070000,0.579000
98.037000,1.111000
96.698000,1.721000
95.044000,2.452000
93.064000,3.317000
90.775000,4.292000
88.202000,5.367000
85.370000,6.522000
82.309000,7.725000
79.048000,8.942000
75.616000,10.143000
72.043000,11.298000
68.359000,12.384000
64.594000,13.374000
60.778000,14.243000
56.937000,14.970000
53.099000,15.538000
49.265000,15.942000
45.435000,16.176000
41.638000,16.240000
37.887000,16.133000
34.204000,15.862000
30.609000,15.434000
27.120000,14.859000
23.760000,14.148000
20.549000,13.310000
17.504000,12.355000
14.648000,11.291000
11.999000,10.132000
9.576000,8.896000
7.395000,7.611000
5.468000,6.312000
3.811000,5.032000
2.433000,3.793000
1.338000,2.615000
0.548000,1.531000
0.098000,0.586000
0.000000,0.014000
0.098000,-0.450000
0.548000,-0.914000
1.338000,-1.179000
2.433000,-1.269000
3.811000,-1.209000
5.468000,-1.028000
7.395000,-0.759000
9.576000,-0.435000
11.999000,-0.076000
14.648000,0.320000
17.504000,0.748000
20.549000,1.201000
23.760000,1.667000
27.120000,2.136000
30.609000,2.597000
34.204000,3.040000
37.887000,3.457000
41.638000,3.839000
45.435000,4.178000
49.265000,4.466000
53.099000,4.693000
56.937000,4.851000
60.778000,4.933000
64.594000,4.932000
68.359000,4.845000
72.043000,4.672000
75.616000,4.423000
79.048000,4.108000
82.309000,3.739000
85.370000,3.322000
88.202000,2.867000
90.775000,2.386000
93.064000,1.896000
95.044000,1.410000
96.698000,0.936000
98.037000,0.516000
99.070000,0.212000
99.754000,0.044000
100.000000,-0.006000
,
Camber line,
X(mm),Y(mm)
0.000000,0.014000
0.098000,0.068000
0.548000,0.308500
1.338000,0.718000
2.433000,1.262000
3.811000,1.911500
5.468000,2.642000
7.395000,3.426000
9.576000,4.230500
11.999000,5.028000
14.648000,5.805500
17.504000,6.551500
20.549000,7.255500
23.760000,7.907500
27.120000,8.497500
30.609000,9.015500
34.204000,9.451000
37.887000,9.795000
41.638000,10.039500
45.435000,10.177000
49.265000,10.204000
53.099000,10.115500
56.937000,9.910500
60.778000,9.588000
64.594000,9.153000
68.359000,8.614500
72.043000,7.985000
75.616000,7.283000
79.048000,6.525000
82.309000,5.732000
85.370000,4.922000
88.202000,4.117000
90.775000,3.339000
93.064000,2.606500
95.044000,1.931000
96.698000,1.328500
98.037000,0.813500
99.070000,0.395500
99.754000,0.106500
100.000000,-0.000500
,
Chord line,
X(mm),Y(mm)
0.000000,0.000000
100.000000,0.000000
