Name,EPPLER 420 AIRFOIL
Chord(mm),100
Radius(mm),0
Thickness(%),100
Origin(%),0
Pitch(deg),0
,
Airfoil surface,
X(mm),Y(mm)
100.000000,0.000000
99.651000,0.164000
98.691000,0.672000
97.277000,1.481000
95.489000,2.457000
93.297000,3.482000
90.643000,4.537000
87.539000,5.656000
84.038000,6.840000
80.194000,8.078000
76.066000,9.349000
71.712000,10.630000
67.193000,11.894000
62.569000,13.108000
57.896000,14.238000
53.229000,15.251000
48.619000,16.110000
44.113000,16.779000
39.754000,17.213000
35.549000,17.360000
31.479000,17.212000
27.549000,16.792000
23.772000,16.127000
20.171000,15.253000
16.784000,14.201000
13.642000,12.998000
10.776000,11.669000
8.212000,10.240000
5.971000,8.739000
4.071000,7.196000
2.527000,5.643000
1.345000,4.116000
0.531000,2.654000
0.086000,1.305000
0.003000,0.128000
0.033000,-0.107000
0.102000,-0.396000
0.165000,-0.571000
0.242000,-0.731000
0.287000,-0.803000
0.335000,-0.871000
0.389000,-0.931000
0.452000,-0.984000
0.524000,-1.034000
0.604000,-1.082000
0.786000,-1.169000
0.994000,-1.249000
1.354000,-1.354000
2.516000,-1.545000
4.499000,-1.596000
7.024000,-1.411000
10.095000,-0.982000
13.725000,-0.317000
17.938000,0.565000
22.769000,1.593000
28.199000,2.637000
34.148000,3.569000
40.468000,4.271000
46.958000,4.702000
53.466000,4.901000
59.891000,4.891000
66.118000,4.673000
72.022000,4.282000
77.511000,3.772000
82.517000,3.190000
86.982000,2.570000
90.850000,1.950000
94.082000,1.364000
96.642000,0.842000
98.499000,0.411000
99.624000,0.112000
100.000000,0.000000
,
Camber line,
X(mm),Y(mm)
0.003000,0.128000
0.033000,0.223211
0.102000,0.478752
0.165000,0.486743
0.242000,0.523454
0.287000,0.555662
0.335000,0.594417
0.389000,0.646266
0.452000,0.715257
0.524000,0.799390
0.604000,0.851557
0.786000,0.971499
0.994000,1.118290
1.354000,1.386813
2.516000,2.041895
4.499000,2.973791
7.024000,4.016645
10.095000,5.153728
13.725000,6.356389
17.938000,7.562216
22.769000,8.738281
28.199000,9.749233
34.148000,10.439027
40.468000,10.706456
46.958000,10.529303
53.466000,10.050279
59.891000,9.323290
66.118000,8.424617
72.022000,7.410397
77.511000,6.338044
82.517000,5.259927
86.982000,4.207186
90.850000,3.202357
94.082000,2.239463
96.642000,1.334811
98.499000,0.596425
99.624000,0.145144
100.000000,0.000000
,
Chord line,
X(mm),Y(mm)
0.000000,0.000000
100.000000,0.000000
