Name,MH 32  8.7%
Chord(mm),100
Radius(mm),0
Thickness(%),100
Origin(%),0
Pitch(deg),0
,
Airfoil surface,
X(mm),Y(mm)
100.000000,0.000000
99.671850,0.034782
98.706463,0.149967
97.145561,0.363339
95.035123,0.677805
92.424036,1.086920
89.362390,1.576960
85.900629,2.129402
82.089086,2.721967
77.977368,3.329120
73.609426,3.922652
69.023068,4.481867
64.259066,4.994067
59.361615,5.451907
54.382705,5.852295
49.381832,6.186106
44.411124,6.436644
39.514537,6.595791
34.741929,6.660529
30.140493,6.621755
25.746856,6.476927
21.602684,6.232083
17.749047,5.886363
14.216302,5.442091
11.032399,4.907369
8.221963,4.292806
5.805331,3.610737
3.796269,2.878423
2.205704,2.117736
1.037736,1.359215
0.300681,0.646658
0.184914,0.480308
0.081352,0.292741
0.018114,0.121388
0.000483,0.018464
0.008218,-0.070798
0.048790,-0.153007
0.120550,-0.237236
0.273690,-0.365371
0.476529,-0.494109
1.192981,-0.809184
2.604240,-1.198316
4.520500,-1.533200
6.925966,-1.804904
9.801849,-2.007916
13.124461,-2.142047
16.864181,-2.209646
20.985766,-2.215984
25.447576,-2.168325
30.202197,-2.074377
35.197672,-1.942228
40.378144,-1.779533
45.685259,-1.593904
51.058787,-1.392702
56.437178,-1.183665
61.758180,-0.974179
66.959046,-0.772005
71.977196,-0.583616
76.751419,-0.415018
81.222445,-0.271210
85.332486,-0.156808
89.026144,-0.073182
92.252540,-0.019501
94.965851,0.007939
97.125915,0.015184
98.701228,0.012533
99.669738,0.004969
100.000000,0.000000
,
Camber line,
X(mm),Y(mm)
0.018114,0.121388
0.000483,0.009232
0.008218,-0.035399
0.048790,0.025751
0.120550,0.063249
0.273690,0.121251
0.476529,0.161276
1.192981,0.325426
2.604240,0.555010
4.520500,0.804605
6.925966,1.061060
9.801849,1.315183
13.124461,1.558337
16.864181,1.782719
20.985766,1.980377
25.447576,2.145460
30.202197,2.273949
35.197672,2.356060
40.378144,2.394095
45.685259,2.389260
51.058787,2.340733
56.437178,2.251708
61.758180,2.126842
66.959046,1.965887
71.977196,1.769027
76.751419,1.540344
81.222445,1.289364
85.332486,1.030460
89.026144,0.778719
92.252540,0.547434
94.965851,0.348299
97.125915,0.190725
98.701228,0.081608
99.669738,0.020001
100.000000,0.000000
,
Chord line,
X(mm),Y(mm)
0.000000,0.000000
100.000000,0.000000
