Name,SD8020-010-88
Chord(mm),100
Radius(mm),0
Thickness(%),100
Origin(%),0
Pitch(deg),0
,
Airfoil surface,
X(mm),Y(mm)
100.000000,0.000000
99.646000,0.027000
98.625000,0.131000
97.017000,0.330000
94.885000,0.591000
92.247000,0.876000
89.118000,1.188000
85.538000,1.532000
81.560000,1.908000
77.237000,2.308000
72.627000,2.722000
67.789000,3.135000
62.777000,3.535000
57.647000,3.909000
52.456000,4.246000
47.261000,4.536000
42.116000,4.770000
37.077000,4.938000
32.196000,5.034000
27.523000,5.051000
23.106000,4.982000
18.987000,4.824000
15.203000,4.574000
11.789000,4.233000
8.774000,3.802000
6.179000,3.287000
4.024000,2.697000
2.318000,2.041000
1.065000,1.345000
0.276000,0.645000
0.000000,0.000000
0.276000,-0.645000
1.066000,-1.345000
2.319000,-2.041000
4.024000,-2.697000
6.180000,-3.287000
8.774000,-3.802000
11.790000,-4.233000
15.204000,-4.574000
18.987000,-4.824000
23.107000,-4.982000
27.524000,-5.051000
32.197000,-5.034000
37.077000,-4.938000
42.117000,-4.769000
47.262000,-4.536000
52.457000,-4.246000
57.648000,-3.908000
62.778000,-3.534000
67.790000,-3.135000
72.629000,-2.722000
77.238000,-2.308000
81.561000,-1.907000
85.539000,-1.532000
89.119000,-1.188000
92.248000,-0.876000
94.886000,-0.591000
97.018000,-0.330000
98.626000,-0.131000
99.647000,-0.027000
100.000000,0.000000
,
Camber line,
X(mm),Y(mm)
0.000000,0.000000
0.276000,0.000000
1.065000,0.000443
2.318000,0.000278
4.024000,0.000000
6.179000,0.000137
8.774000,0.000000
11.789000,0.000071
15.203000,0.000050
18.987000,0.000000
23.106000,0.000019
27.523000,0.000008
32.196000,-0.000002
37.077000,0.000000
42.116000,0.000483
47.261000,-0.000023
52.456000,-0.000028
57.647000,0.000467
62.777000,0.000464
67.789000,-0.000040
72.627000,-0.000085
77.237000,-0.000045
81.560000,0.000454
85.538000,-0.000047
89.118000,-0.000048
92.247000,-0.000050
94.885000,-0.000054
97.017000,-0.000061
98.625000,-0.000062
99.646000,-0.000051
100.000000,0.000000
,
Chord line,
X(mm),Y(mm)
0.000000,0.000000
100.000000,0.000000
